{
  "Ansi 5 Color" : {
    "Red Component" : 0.64283657073974609,
    "Color Space" : "Calibrated",
    "Blue Component" : 0.61571133136749268,
    "Alpha Component" : 1,
    "Green Component" : 0.47487166523933411
  },
  "Tags" : [

  ],
  "Disable Printing" : true,
  "Ansi 12 Color" : {
    "Red Component" : 0.43401443958282471,
    "Color Space" : "Calibrated",
    "Blue Component" : 0.70459425449371338,
    "Alpha Component" : 1,
    "Green Component" : 0.56080448627471924
  },
  "Ansi 0 Color" : {
    "Red Component" : 0.17621420323848724,
    "Color Space" : "Calibrated",
    "Blue Component" : 0.25300124287605286,
    "Alpha Component" : 1,
    "Green Component" : 0.19692185521125793
  },
  "Bold Color" : {
    "Red Component" : 0.90727746486663818,
    "Color Space" : "Calibrated",
    "Blue Component" : 0.94574689865112305,
    "Alpha Component" : 1,
    "Green Component" : 0.92092084884643555
  },
  "Ansi 7 Color" : {
    "Red Component" : 0.87367779016494751,
    "Color Space" : "Calibrated",
    "Blue Component" : 0.92620980739593506,
    "Alpha Component" : 1,
    "Green Component" : 0.8916594386100769
  },
  "Ansi 8 Color" : {
    "Red Component" : 0.23306176066398621,
    "Color Space" : "Calibrated",
    "Blue Component" : 0.34064260125160217,
    "Alpha Component" : 1,
    "Green Component" : 0.2652154266834259
  },
  "Ansi 9 Color" : {
    "Red Component" : 0.68855589628219604,
    "Color Space" : "Calibrated",
    "Blue Component" : 0.34168937802314758,
    "Alpha Component" : 1,
    "Green Component" : 0.29435792565345764
  },
  "Rows" : 25,
  "Default Bookmark" : "No",
  "Link Color" : {
    "Red Component" : 0.87367779016494751,
    "Color Space" : "Calibrated",
    "Blue Component" : 0.92620980739593506,
    "Alpha Component" : 1,
    "Green Component" : 0.8916594386100769
  },
  "Guid" : "1E12654C-DF75-44AC-8D91-9880CD73EE93",
  "Cursor Guide Color" : {
    "Red Component" : 0.17621420323848724,
    "Color Space" : "Calibrated",
    "Blue Component" : 0.25300124287605286,
    "Alpha Component" : 1,
    "Green Component" : 0.19692185521125793
  },
  "Non-ASCII Anti Aliased" : true,
  "Use Bright Bold" : true,
  "Ansi 10 Color" : {
    "Red Component" : 0.57605421543121338,
    "Color Space" : "Calibrated",
    "Blue Component" : 0.47597441077232361,
    "Alpha Component" : 1,
    "Green Component" : 0.7002110481262207
  },
  "Ambiguous Double Width" : false,
  "Jobs to Ignore" : [
    "rlogin",
    "ssh",
    "slogin",
    "telnet"
  ],
  "Show Status Bar" : true,
  "Ansi 15 Color" : {
    "Red Component" : 0.90727746486663818,
    "Color Space" : "Calibrated",
    "Blue Component" : 0.94574689865112305,
    "Alpha Component" : 1,
    "Green Component" : 0.92092084884643555
  },
  "Foreground Color" : {
    "Red Component" : 0.81214725971221924,
    "Color Space" : "Calibrated",
    "Blue Component" : 0.89225912094116211,
    "Alpha Component" : 1,
    "Green Component" : 0.83857882022857666
  },
  "Working Directory" : "\/Users\/ricoberger",
  "Blinking Cursor" : false,
  "Disable Window Resizing" : true,
  "Sync Title" : false,
  "Prompt Before Closing 2" : false,
  "BM Growl" : true,
  "Command" : "",
  "Description" : "Default",
  "Mouse Reporting" : true,
  "Screen" : -1,
  "Selection Color" : {
    "Red Component" : 0.23306176066398621,
    "Color Space" : "Calibrated",
    "Blue Component" : 0.34064260125160217,
    "Alpha Component" : 1,
    "Green Component" : 0.2652154266834259
  },
  "Columns" : 110,
  "Idle Code" : 0,
  "Ansi 13 Color" : {
    "Red Component" : 0.64283657073974609,
    "Color Space" : "Calibrated",
    "Blue Component" : 0.61571133136749268,
    "Alpha Component" : 1,
    "Green Component" : 0.47487166523933411
  },
  "Custom Command" : "No",
  "ASCII Anti Aliased" : true,
  "Non Ascii Font" : "Monaco 12",
  "Vertical Spacing" : 1,
  "Use Bold Font" : true,
  "Option Key Sends" : 0,
  "Selected Text Color" : {
    "Red Component" : 0.81214714050292969,
    "Color Space" : "Calibrated",
    "Blue Component" : 0.89225924015045166,
    "Alpha Component" : 1,
    "Green Component" : 0.83857882022857666
  },
  "Background Color" : {
    "Red Component" : 0.1357133686542511,
    "Color Space" : "Calibrated",
    "Blue Component" : 0.19183900952339172,
    "Alpha Component" : 1,
    "Green Component" : 0.15255947411060333
  },
  "Character Encoding" : 4,
  "Ansi 11 Color" : {
    "Red Component" : 0.89902019500732422,
    "Color Space" : "Calibrated",
    "Blue Component" : 0.47280269861221313,
    "Alpha Component" : 1,
    "Green Component" : 0.75577855110168457
  },
  "Use Italic Font" : true,
  "Unlimited Scrollback" : false,
  "Keyboard Map" : {

  },
  "Window Type" : 0,
  "Initial Text" : "",
  "Background Image Location" : "",
  "Blur" : false,
  "Badge Color" : {
    "Red Component" : 0.20252507925033569,
    "Color Space" : "Calibrated",
    "Blue Component" : 0.29600727558135986,
    "Alpha Component" : 0.7057952880859375,
    "Green Component" : 0.23046499490737915
  },
  "Scrollback Lines" : 20000,
  "Send Code When Idle" : false,
  "Close Sessions On End" : true,
  "Terminal Type" : "xterm-256color",
  "Visual Bell" : true,
  "Flashing Bell" : false,
  "Status Bar Layout" : {
    "components" : [
      {
        "class" : "iTermStatusBarCPUUtilizationComponent",
        "configuration" : {
          "knobs" : {
            "base: priority" : 5
          },
          "layout advanced configuration dictionary value" : {
            "font" : ".AppleSystemUIFont 12",
            "algorithm" : 0
          }
        }
      },
      {
        "class" : "iTermStatusBarMemoryUtilizationComponent",
        "configuration" : {
          "knobs" : {
            "base: priority" : 5
          },
          "layout advanced configuration dictionary value" : {
            "font" : ".AppleSystemUIFont 12",
            "algorithm" : 0
          }
        }
      },
      {
        "class" : "iTermStatusBarNetworkUtilizationComponent",
        "configuration" : {
          "knobs" : {
            "base: priority" : 5
          },
          "layout advanced configuration dictionary value" : {
            "font" : ".AppleSystemUIFont 12",
            "algorithm" : 0
          }
        }
      },
      {
        "class" : "iTermStatusBarBatteryComponent",
        "configuration" : {
          "knobs" : {
            "base: priority" : 5,
            "ShowPercentage" : 1,
            "ShowTime" : 0
          },
          "layout advanced configuration dictionary value" : {
            "algorithm" : 0
          }
        }
      }
    ],
    "advanced configuration" : {
      "font" : ".AppleSystemUIFont 12",
      "algorithm" : 0
    }
  },
  "Silence Bell" : false,
  "Ansi 14 Color" : {
    "Red Component" : 0.49344515800476074,
    "Color Space" : "Calibrated",
    "Blue Component" : 0.67779052257537842,
    "Alpha Component" : 1,
    "Green Component" : 0.68614721298217773
  },
  "Name" : "Default",
  "Cursor Text Color" : {
    "Red Component" : 0.17621420323848724,
    "Color Space" : "Calibrated",
    "Blue Component" : 0.25300124287605286,
    "Alpha Component" : 1,
    "Green Component" : 0.19692185521125793
  },
  "Shortcut" : "",
  "Tab Color" : {
    "Red Component" : 0.17621420323848724,
    "Color Space" : "Calibrated",
    "Blue Component" : 0.25300124287605286,
    "Alpha Component" : 1,
    "Green Component" : 0.19692185521125793
  },
  "Transparency" : 0,
  "Ansi 1 Color" : {
    "Red Component" : 0.68855589628219604,
    "Color Space" : "Calibrated",
    "Blue Component" : 0.34168937802314758,
    "Alpha Component" : 1,
    "Green Component" : 0.29435792565345764
  },
  "Horizontal Spacing" : 1,
  "Ansi 3 Color" : {
    "Red Component" : 0.89902019500732422,
    "Color Space" : "Calibrated",
    "Blue Component" : 0.47280269861221313,
    "Alpha Component" : 1,
    "Green Component" : 0.75577855110168457
  },
  "Ansi 4 Color" : {
    "Red Component" : 0.43401443958282471,